species,theta_ML,site_size,occupied_sites_ML,carbon_pool
C7H10*,4.134897470840e-03,4,1.653958988336e-02,True
C7H11*,8.283590888749e-03,4,3.313436355500e-02,True
C7H12*,1.863286097618e-02,4,7.453144390472e-02,True
C7H13*,4.568089506152e-02,4,1.827235802461e-01,True
C7H14*,4.477677882856e-02,4,1.791071153143e-01,True
C7H8*,9.194938381708e-04,4,3.677975352683e-03,True
C7H9*,1.978391116100e-03,4,7.913564464399e-03,True
H*,2.849434178885e-02,1,2.849434178885e-02,False
