T_K,converged,max_abs_dtheta_dt,theta_vacant_sites,theta_carbon_pool,carbon_pool_factor,carbon_pool_violation,notes,net_dehydrogenation,toluene_desorption,h2_desorption,mch_consumption,deh_flux_min,deh_flux_max,deh_flux_span,rate_sign_change_net_dehydrogenation,Eapp_net_dehydrogenation_eV
573.0,0.0,1.6864362351043383e-08,0.4712901263724101,0.1261555986938198,1.2932070114431038e-05,0.016155598693819787,,-7.284483953395854,0.0,0.0,0.0,-7.284483953396148,-7.284483953395792,3.552713678800501e-13,0.0,0.43761497819373313
623.0,1.0,7.298837090274901e-10,0.4738780254906494,0.12440690818012512,2.86220468202426e-05,0.01440690818012512,,-15.785687126097626,0.0,0.0,0.0,-15.785687126097741,-15.7856871260974,3.410605131648481e-13,0.0,0.4641923260048995
673.0,0.0,1.507015667812084e-08,0.4752465878323726,0.12298386978104114,5.4617961910130306e-05,0.012983869781041144,,-29.18390021103457,0.0,0.0,0.0,-29.183900211039145,-29.183900211033574,5.5706550483591855e-12,0.0,0.47969420477888913
